{"cameraMode":{"drawMode":0,"name":"Shaded","section":"Shading Mode"},"sceneLighting":false,"audioPlay":false,"sceneViewState":{"m_AlwaysRefresh":false,"showFog":true,"showSkybox":false,"showFlares":true,"showImageEffects":true,"showParticleSystems":true,"showVisualEffectGraphs":true,"m_FxEnabled":true},"in2DMode":false,"pivot":{"x":1.1835066080093384,"y":-10.64541244506836,"z":11.947428703308106},"rotation":{"x":0.3629385232925415,"y":-0.0008628928335383534,"z":0.0002887318842113018,"w":0.9318404793739319},"size":9.72229290008545,"orthographic":false}