{"cameraMode":{"drawMode":0,"name":"Shaded","section":"Shading Mode"},"sceneLighting":true,"audioPlay":false,"sceneViewState":{"m_AlwaysRefresh":false,"showFog":true,"showSkybox":true,"showFlares":true,"showImageEffects":true,"showParticleSystems":true,"showVisualEffectGraphs":true,"m_FxEnabled":true},"in2DMode":false,"pivot":{"x":0.6983857154846191,"y":0.6470890045166016,"z":1.3194408416748047},"rotation":{"x":0.24137477576732636,"y":-0.6959537267684937,"z":0.2710416615009308,"w":0.6196660399436951},"size":4.273148059844971,"orthographic":false}